{
  "split": "test",
  "macro": {
    "precision": 0.5833429391121698,
    "recall": 0.5376068376068376,
    "f1": 0.5131564714822632
  },
  "weighted": {
    "precision": 0.5830945540247866,
    "recall": 0.5348837209302325,
    "f1": 0.5114966555459032
  },
  "per_class": {
    "Ariana Grande": {
      "precision": 0.125,
      "recall": 0.1,
      "f1-score": 0.1111111111111111,
      "support": 10.0
    },
    "Billie Eilish": {
      "precision": 1.0,
      "recall": 0.1,
      "f1-score": 0.18181818181818182,
      "support": 10.0
    },
    "Drake": {
      "precision": 0.5333333333333333,
      "recall": 0.8,
      "f1-score": 0.64,
      "support": 10.0
    },
    "Ed Sheeran": {
      "precision": 0.21428571428571427,
      "recall": 0.3,
      "f1-score": 0.25,
      "support": 10.0
    },
    "Eminem": {
      "precision": 0.75,
      "recall": 0.9,
      "f1-score": 0.8181818181818182,
      "support": 10.0
    },
    "Future": {
      "precision": 0.7,
      "recall": 0.7,
      "f1-score": 0.7,
      "support": 10.0
    },
    "Hozier": {
      "precision": 0.6153846153846154,
      "recall": 0.8888888888888888,
      "f1-score": 0.7272727272727273,
      "support": 9.0
    },
    "Lil Baby": {
      "precision": 1.0,
      "recall": 0.7,
      "f1-score": 0.8235294117647058,
      "support": 10.0
    },
    "Post Malone": {
      "precision": 0.3,
      "recall": 0.3,
      "f1-score": 0.3,
      "support": 10.0
    },
    "Sza": {
      "precision": 0.5333333333333333,
      "recall": 0.8,
      "f1-score": 0.64,
      "support": 10.0
    },
    "Taylor Swift": {
      "precision": 0.6,
      "recall": 0.6,
      "f1-score": 0.6,
      "support": 10.0
    },
    "The Weeknd": {
      "precision": 0.6666666666666666,
      "recall": 0.2,
      "f1-score": 0.3076923076923077,
      "support": 10.0
    },
    "Travis Scott": {
      "precision": 0.5454545454545454,
      "recall": 0.6,
      "f1-score": 0.5714285714285714,
      "support": 10.0
    }
  }
}