{
  "split": "validation",
  "macro": {
    "precision": 0.5812618753795225,
    "recall": 0.5641025641025641,
    "f1": 0.5583501260983996
  },
  "weighted": {
    "precision": 0.5812618753795223,
    "recall": 0.5641025641025641,
    "f1": 0.5583501260983995
  },
  "per_class": {
    "Ariana Grande": {
      "precision": 0.5,
      "recall": 0.4444444444444444,
      "f1-score": 0.47058823529411764,
      "support": 9.0
    },
    "Billie Eilish": {
      "precision": 0.75,
      "recall": 0.3333333333333333,
      "f1-score": 0.46153846153846156,
      "support": 9.0
    },
    "Drake": {
      "precision": 0.7142857142857143,
      "recall": 0.5555555555555556,
      "f1-score": 0.625,
      "support": 9.0
    },
    "Ed Sheeran": {
      "precision": 0.35294117647058826,
      "recall": 0.6666666666666666,
      "f1-score": 0.46153846153846156,
      "support": 9.0
    },
    "Eminem": {
      "precision": 0.7272727272727273,
      "recall": 0.8888888888888888,
      "f1-score": 0.8,
      "support": 9.0
    },
    "Future": {
      "precision": 0.42857142857142855,
      "recall": 0.3333333333333333,
      "f1-score": 0.375,
      "support": 9.0
    },
    "Hozier": {
      "precision": 1.0,
      "recall": 1.0,
      "f1-score": 1.0,
      "support": 9.0
    },
    "Lil Baby": {
      "precision": 0.6,
      "recall": 0.6666666666666666,
      "f1-score": 0.631578947368421,
      "support": 9.0
    },
    "Post Malone": {
      "precision": 0.5714285714285714,
      "recall": 0.4444444444444444,
      "f1-score": 0.5,
      "support": 9.0
    },
    "Sza": {
      "precision": 0.42857142857142855,
      "recall": 0.3333333333333333,
      "f1-score": 0.375,
      "support": 9.0
    },
    "Taylor Swift": {
      "precision": 0.5,
      "recall": 0.4444444444444444,
      "f1-score": 0.47058823529411764,
      "support": 9.0
    },
    "The Weeknd": {
      "precision": 0.4,
      "recall": 0.4444444444444444,
      "f1-score": 0.42105263157894735,
      "support": 9.0
    },
    "Travis Scott": {
      "precision": 0.5833333333333334,
      "recall": 0.7777777777777778,
      "f1-score": 0.6666666666666666,
      "support": 9.0
    }
  }
}